,Unnamed: 0.1,Unnamed: 0,Player,Tm,Age,Pos,G,Tgt,Rec,Ctch%,Yds,Y/R,TD,Y/Tgt,R/G,Y/G,Player-additional
0,0,0,PierreGarcon,WAS,27,WR,16,181,113,62.4%,1346,11.9,5,7.4,7.1,84.1,GarcPi00
1,1,1,AntonioBrown,PIT,25,WR,16,167,110,65.9%,1499,13.6,8,9.0,6.9,93.7,BrowAn04
2,2,2,AndreJohnson,HOU,32,WR,16,181,109,60.2%,1407,12.9,5,7.8,6.8,87.9,JohnAn02
3,3,3,JulianEdelman,NWE,27,WR,16,151,105,69.5%,1056,10.1,6,7.0,6.6,66.0,EdelJu00
4,4,4,BrandonMarshall,CHI,29,WR,16,164,100,61.0%,1295,13.0,12,7.9,6.3,80.9,MarsBr00
5,5,5,AJGreen,CIN,25,WR,16,178,98,55.1%,1426,14.6,11,8.0,6.1,89.1,GreeA.00
6,6,6,KendallWright,TEN,24,WR,16,139,94,67.6%,1079,11.5,2,7.8,5.9,67.4,WrigKe01
7,7,7,DezBryant,DAL,25,WR,16,159,93,58.5%,1233,13.3,13,7.8,5.8,77.1,BryaDe01
8,8,8,DemaryiusThomas,DEN,26,WR,16,142,92,64.8%,1430,15.5,14,10.1,5.8,89.4,ThomDe03
9,9,9,AlshonJeffery,CHI,23,WR,16,148,89,60.1%,1421,16.0,7,9.6,5.6,88.8,JeffAl00
10,10,10,EricDecker,DEN,26,WR,16,136,87,64.0%,1288,14.8,11,9.5,5.4,80.5,DeckEr00
11,11,11,JoshGordon,CLE,22,WR,14,159,87,54.7%,1646,18.9,9,10.4,6.2,117.6,GordJo02
13,13,13,AnquanBoldin,SFO,33,WR,16,129,85,65.9%,1179,13.9,7,9.1,5.3,73.7,BoldAn00
14,14,14,HarryDouglas,ATL,29,WR,16,132,85,64.4%,1067,12.6,2,8.1,5.3,66.7,DougHa00
15,15,15,JordyNelson,GNB,28,WR,16,127,85,66.9%,1314,15.5,8,10.3,5.3,82.1,NelsJo00
16,16,16,CalvinJohnson,DET,28,WR,14,156,84,53.8%,1492,17.8,12,9.6,6.0,106.6,JohnCa00
18,18,18,LarryFitzgerald,ARI,30,WR,16,135,82,60.7%,954,11.6,10,7.1,5.1,59.6,FitzLa00
19,19,19,TYHilton,IND,24,WR,16,139,82,59.0%,1083,13.2,5,7.8,5.1,67.7,HiltT.00
20,20,20,DeSeanJackson,PHI,27,WR,16,126,82,65.1%,1332,16.2,9,10.6,5.1,83.3,JackDe00
22,22,22,VincentJackson,TAM,30,WR,16,160,78,48.8%,1224,15.7,7,7.7,4.9,76.5,JackVi00
25,25,25,BrianHartline,MIA,27,WR,16,133,76,57.1%,1016,13.4,4,7.6,4.8,63.5,HartBr00
27,27,27,MarquesColston,NOR,30,WR,15,111,75,67.6%,943,12.6,5,8.5,5.0,62.9,ColsMa00
29,29,29,VictorCruz,NYG,27,WR,14,122,73,59.8%,998,13.7,4,8.2,5.2,71.3,CruzVi00
31,31,31,MikeWallace,MIA,27,WR,16,141,73,51.8%,930,12.7,5,6.6,4.6,58.1,WallMi00
32,32,32,WesWelker,DEN,32,WR,13,111,73,65.8%,778,10.7,10,7.0,5.6,59.8,WelkWe00
34,34,34,KeenanAllen,LAC,21,WR,15,105,71,67.6%,1046,14.7,8,10.0,4.7,69.7,AlleKe00
38,38,38,GregJennings,MIN,30,WR,15,106,68,64.2%,804,11.8,4,7.6,4.5,53.6,JennGr00
39,39,39,EmmanuelSanders,PIT,26,WR,16,113,67,59.3%,740,11.0,6,6.5,4.2,46.3,SandEm00
40,40,40,CecilShorts,JAX,26,WR,13,123,66,53.7%,777,11.8,3,6.3,5.1,59.8,ShorCe00
42,42,42,MichaelFloyd,ARI,24,WR,16,113,65,57.5%,1041,16.0,5,9.2,4.1,65.1,FloyMi00
43,43,43,TorreySmith,BAL,24,WR,16,137,65,47.4%,1128,17.4,4,8.2,4.1,70.5,SmitTo02
45,45,45,SteveSmithSr,CAR,34,WR,15,110,64,58.2%,745,11.6,4,6.8,4.3,49.7,SmitSt01
46,46,46,GoldenTate,SEA,25,WR,16,99,64,64.6%,898,14.0,5,9.1,4.0,56.1,TateGo00
47,47,47,RoddyWhite,ATL,32,WR,13,97,63,64.9%,711,11.3,3,7.3,4.8,54.7,WhitRo00
49,49,49,RodStreater,LVR,25,WR,16,100,60,60.0%,888,14.8,4,8.9,3.8,55.5,StreRo00
51,51,51,JamesJones,GNB,29,WR,14,93,59,63.4%,817,13.8,3,8.8,4.2,58.4,JoneJa04
54,54,54,NateWashington,TEN,30,WR,16,105,58,55.2%,919,15.8,3,8.8,3.6,57.4,WashNa00
55,55,55,DwayneBowe,KAN,29,WR,15,103,57,55.3%,673,11.8,5,6.5,3.8,44.9,BoweDw00
57,57,57,HakeemNicks,NYG,25,WR,15,101,56,55.4%,896,16.0,0,8.9,3.7,59.7,NickHa01
58,58,58,DannyAmendola,NWE,28,WR,12,83,54,65.1%,633,11.7,2,7.6,4.5,52.8,AmenDa00
63,63,63,DexterMcCluster,KAN,24,WR,15,83,53,63.9%,511,9.6,2,6.2,3.5,34.1,McClDe00
67,67,67,DeAndreHopkins,HOU,21,WR,16,91,52,57.1%,802,15.4,2,8.8,3.3,50.1,HopkDe00
68,68,68,SteveJohnson,BUF,27,WR,12,101,52,51.5%,597,11.5,3,5.9,4.3,49.8,JohnSt00
72,72,72,MarvinJones,CIN,23,WR,16,80,51,63.8%,712,14.0,10,8.9,3.2,44.5,JoneMa02
73,73,73,AceSanders,JAX,22,WR,15,87,51,58.6%,484,9.5,1,5.6,3.4,32.3,SandAc00
74,74,74,DougBaldwin,SEA,25,WR,16,72,50,69.4%,778,15.6,5,10.8,3.1,48.6,BaldDo00
75,75,75,JarrettBoykin,GNB,24,WR,16,83,49,59.0%,681,13.9,3,8.2,3.1,42.6,BoykJa00
76,76,76,MarlonBrown,BAL,22,WR,14,82,49,59.8%,524,10.7,7,6.4,3.5,37.4,BrowMa00
78,78,78,BrandonLaFell,CAR,27,WR,16,85,49,57.6%,627,12.8,5,7.4,3.1,39.2,LaFeBr00
80,80,80,JeromeSimpson,MIN,27,WR,16,100,48,48.0%,726,15.1,1,7.3,3.0,45.4,SimpJe00
81,81,81,RileyCooper,PHI,26,WR,16,84,47,56.0%,835,17.8,8,9.9,2.9,52.2,CoopRi00
84,84,84,EddieRoyal,LAC,27,WR,15,68,47,69.1%,631,13.4,8,9.3,3.1,42.1,RoyaEd00
85,85,85,MohamedSanu,CIN,24,WR,16,77,47,61.0%,455,9.7,2,5.9,2.9,28.4,SanuMo00
87,87,87,JerrichoCotchery,PIT,31,WR,16,76,46,60.5%,602,13.1,10,7.9,2.9,37.6,CotcJe00
89,89,89,DenariusMoore,LVR,25,WR,13,86,46,53.5%,695,15.1,5,8.1,3.5,53.5,MoorDe02
91,91,91,CordarrellePatterson,MIN,22,WR,16,77,45,58.4%,469,10.4,4,6.1,2.8,29.3,PattCo00
93,93,93,TerranceWilliams,DAL,24,WR,16,74,44,59.5%,736,16.7,5,9.9,2.8,46.0,WillTe01
95,95,95,JeremyKerley,NYJ,25,WR,12,72,43,59.7%,523,12.2,3,7.3,3.6,43.6,KerlJe00
96,96,96,AndreRoberts,ARI,25,WR,16,76,43,56.6%,471,11.0,2,6.2,2.7,29.4,RobeAn00
97,97,97,DavoneBess,CLE,28,WR,14,86,42,48.8%,362,8.6,2,4.2,3.0,25.9,BessDa00
99,99,99,SantanaMoss,WAS,34,WR,16,79,42,53.2%,452,10.8,2,5.7,2.6,28.3,MossSa00
100,100,100,VincentBrown,LAC,24,WR,16,70,41,58.6%,472,11.5,1,6.7,2.6,29.5,BrowVi00
101,101,101,JulioJones,ATL,24,WR,5,59,41,69.5%,580,14.1,2,9.8,8.2,116.0,JoneJu02
102,102,102,GregLittle,CLE,24,WR,16,99,41,41.4%,465,11.3,2,4.7,2.6,29.1,LittGr00
105,105,105,RuebenRandle,NYG,22,WR,16,78,41,52.6%,611,14.9,6,7.8,2.6,38.2,RandRu00
106,106,106,TavonAustin,LAR,23,WR,13,69,40,58.0%,418,10.5,4,6.1,3.1,32.2,AustTa00
107,107,107,DonnieAvery,KAN,29,WR,16,71,40,56.3%,596,14.9,2,8.4,2.5,37.3,AverDo00
108,108,108,RobertWoods,BUF,21,WR,14,85,40,47.1%,587,14.7,3,6.9,2.9,41.9,WoodRo02
109,109,109,ColeBeasley,DAL,24,WR,14,54,39,72.2%,368,9.4,2,6.8,2.8,26.3,BeasCo00
110,110,110,NateBurleson,DET,32,WR,9,55,39,70.9%,461,11.8,1,8.4,4.3,51.2,BurlNa00
115,115,115,JasonAvant,PHI,30,WR,16,77,38,49.4%,447,11.8,2,5.8,2.4,27.9,AvanJa00
116,116,116,KrisDurham,DET,25,WR,16,85,38,44.7%,490,12.9,2,5.8,2.4,30.6,DurhKr00
117,117,117,AustinPettis,LAR,25,WR,16,63,38,60.3%,399,10.5,4,6.3,2.4,24.9,PettAu00
119,119,119,ReggieWayne,IND,35,WR,7,58,38,65.5%,503,13.2,2,8.7,5.4,71.9,WaynRe00
120,120,120,AaronDobson,NWE,22,WR,12,72,37,51.4%,519,14.0,4,7.2,3.1,43.3,DobsAa00
121,121,121,JacobyJones,BAL,29,WR,12,68,37,54.4%,455,12.3,2,6.7,3.1,37.9,JoneJa03
122,122,122,LanceMoore,NOR,30,WR,13,54,37,68.5%,457,12.4,2,8.5,2.8,35.2,MoorLa00
124,124,124,TedGinnJr,CAR,28,WR,16,68,36,52.9%,556,15.4,5,8.2,2.3,34.8,GinnTe00
127,127,127,DavidNelson,NYJ,27,WR,12,60,36,60.0%,423,11.8,2,7.1,3.0,35.3,NelsDa01
131,131,131,ChrisGivens,LAR,24,WR,16,83,34,41.0%,569,16.7,0,6.9,2.1,35.6,GiveCh00
136,136,136,EarlBennett,CHI,26,WR,15,43,32,74.4%,243,7.6,4,5.7,2.1,16.2,BennEa00
137,137,137,MikeBrown,JAX,24,WR,11,56,32,57.1%,446,13.9,2,8.0,2.9,40.5,BrowMi00
140,140,140,LanceKendricks,LAR,25,WR,15,46,32,69.6%,258,8.1,4,5.6,2.1,17.2,KendLa00
143,143,143,KennyStills,NOR,21,WR,16,50,32,64.0%,641,20.0,5,12.8,2.0,40.1,StilKe00
144,144,144,KenbrellThompkins,NWE,25,WR,12,69,32,46.4%,466,14.6,4,6.8,2.7,38.8,ThomKe02
146,146,146,RandallCobb,GNB,23,WR,6,47,31,66.0%,433,14.0,4,9.2,5.2,72.2,CobbRa00
149,149,149,BrandonGibson,MIA,26,WR,7,43,30,69.8%,326,10.9,3,7.6,4.3,46.6,GibsBr00
150,150,150,LeonardHankerson,WAS,24,WR,10,50,30,60.0%,375,12.5,3,7.5,3.0,37.5,HankLe00
152,152,152,JustinBlackmon,JAX,23,WR,4,48,29,60.4%,415,14.3,1,8.6,7.3,103.8,BlacJu00
153,153,153,DarriusHeywardBey,IND,26,WR,16,64,29,45.3%,309,10.7,1,4.8,1.8,19.3,HeywDa00
154,154,154,JerrelJernigan,NYG,24,WR,15,45,29,64.4%,329,11.3,2,7.3,1.9,21.9,JernJe00
168,168,168,JariusWright,MIN,24,WR,16,43,26,60.5%,434,16.7,3,10.1,1.6,27.1,WrigJa02
171,171,171,AndreHolmes,LVR,25,WR,10,52,25,48.1%,431,17.2,1,8.3,2.5,43.1,HolmAn00
174,174,174,MilesAustin,DAL,29,WR,11,49,24,49.0%,244,10.2,0,5.0,2.2,22.2,AustMi00
177,177,177,StephenHill,NYJ,22,WR,12,59,24,40.7%,342,14.3,1,5.8,2.0,28.5,HillSt00
178,178,178,TiquanUnderwood,TAM,26,WR,12,46,24,52.2%,440,18.3,4,9.6,2.0,36.7,UndeTi00
179,179,179,GriffWhalen,IND,23,WR,9,40,24,60.0%,259,10.8,2,6.5,2.7,28.8,WhalGr00
181,181,181,TJGraham,BUF,24,WR,16,58,23,39.7%,361,15.7,2,6.2,1.4,22.6,GrahT.00
182,182,182,SantonioHolmes,NYJ,29,WR,11,59,23,39.0%,456,19.8,1,7.7,2.1,41.5,HolmSa00
184,184,184,DariusJohnson,ATL,22,WR,10,43,22,51.2%,210,9.5,1,4.9,2.2,21.0,JohnDa06
185,185,185,JermaineKearse,SEA,23,WR,15,38,22,57.9%,346,15.7,4,9.1,1.5,23.1,KearJe01
186,186,186,KeshawnMartin,HOU,23,WR,16,40,22,55.0%,253,11.5,2,6.3,1.4,15.8,MartKe01
187,187,187,KerryTaylor,2TM,24,WR,10,34,22,64.7%,229,10.4,1,6.7,2.2,22.9,TaylKe00
188,188,188,MikeWilliams,TAM,26,WR,6,40,22,55.0%,216,9.8,2,5.4,3.7,36.0,WillMi04
190,190,190,KevinOgletree,2TM,26,WR,16,45,21,46.7%,269,12.8,2,6.0,1.3,16.8,OgleKe00
194,194,194,JoshMorgan,WAS,28,WR,14,34,20,58.8%,214,10.7,0,6.3,1.4,15.3,MorgJo00
199,199,199,MichaelCrabtree,SFO,26,WR,5,33,19,57.6%,284,14.9,1,8.6,3.8,56.8,CrabMi00
200,200,200,TandonDoss,BAL,24,WR,15,36,19,52.8%,305,16.1,0,8.5,1.3,20.3,DossTa00
205,205,205,JustinHunter,TEN,22,WR,14,42,18,42.9%,354,19.7,4,8.4,1.3,25.3,HuntJu00
207,207,207,BrianQuick,LAR,24,WR,16,35,18,51.4%,302,16.8,2,8.6,1.1,18.9,QuicBr00
208,208,208,AldrickRobinson,WAS,25,WR,16,46,18,39.1%,365,20.3,2,7.9,1.1,22.8,RobiAl00
210,210,210,StedmanBailey,LAR,23,WR,16,25,17,68.0%,226,13.3,0,9.0,1.1,14.1,BailSt01
211,211,211,MarquiseGoodwin,BUF,23,WR,12,32,17,53.1%,283,16.6,3,8.8,1.4,23.6,GoodMa00
212,212,212,LadariusGreen,LAC,23,WR,16,30,17,56.7%,376,22.1,3,12.5,1.1,23.5,GreeLa00
214,214,214,AndreCaldwell,DEN,28,WR,16,29,16,55.2%,200,12.5,3,6.9,1.0,12.5,CaldAn00
216,216,216,RobertMeachem,NOR,29,WR,15,30,16,53.3%,324,20.3,2,10.8,1.1,21.6,MeacRo00
218,218,218,DeVierPosey,HOU,23,WR,14,25,15,60.0%,155,10.3,0,6.2,1.1,11.1,PoseDe00
220,220,220,SidneyRice,SEA,27,WR,8,35,15,42.9%,231,15.4,3,6.6,1.9,28.9,RiceSi01
222,222,222,DamianWilliams,TEN,25,WR,10,23,15,65.2%,178,11.9,0,7.7,1.5,17.8,WillDa04
225,225,225,DaRickRogers,IND,22,WR,5,23,14,60.9%,192,13.7,2,8.3,2.8,38.4,RogeDa01
228,228,228,JacobyFord,LVR,26,WR,14,24,13,54.2%,99,7.6,0,4.1,0.9,7.1,FordJa01
231,231,231,JuniorHemingway,KAN,25,WR,16,20,13,65.0%,125,9.6,2,6.3,0.8,7.8,HemiJu00
234,234,234,ChrisOwusu,TAM,23,WR,9,20,13,65.0%,114,8.8,0,5.7,1.4,12.7,OwusCh00
235,235,235,BrandonStokley,BAL,37,WR,6,21,13,61.9%,115,8.8,0,5.5,2.2,19.2,StokBr00
236,236,236,LaVonBrazill,IND,24,WR,10,27,12,44.4%,161,13.4,2,6.0,1.2,16.1,BrazLa00
237,237,237,DrewDavis,ATL,24,WR,16,19,12,63.2%,216,18.0,2,11.4,0.8,13.5,DaviDr00
238,238,238,ClydeGates,NYJ,27,WR,6,24,12,50.0%,122,10.2,0,5.1,2.0,20.3,GateCl00
240,240,240,AndrewHawkins,CIN,27,WR,8,18,12,66.7%,199,16.6,0,11.1,1.5,24.9,HawkAn00
245,245,245,KyleWilliams,2TM,25,WR,10,27,12,44.4%,113,9.4,0,4.2,1.2,11.3,WillKy01
247,247,247,KennyBritt,TEN,25,WR,12,35,11,31.4%,96,8.7,0,2.7,0.9,8.0,BritKe00
248,248,248,JaronBrown,ARI,23,WR,16,17,11,64.7%,140,12.7,1,8.2,0.7,8.8,BrowJa03
256,256,256,ChrisHogan,BUF,26,WR,16,17,10,58.8%,83,8.3,0,4.9,0.6,5.2,HogaCh00
262,262,262,DeonteThompson,BAL,24,WR,7,20,10,50.0%,96,9.6,0,4.8,1.4,13.7,ThomDe04
263,263,263,JoshBoyce,NWE,22,WR,9,19,9,47.4%,121,13.4,0,6.4,1.0,13.4,BoycJo00
264,264,264,BriceButler,LVR,23,WR,10,17,9,52.9%,103,11.4,0,6.1,0.9,10.3,ButlBr00
265,265,265,JoshCooper,CLE,24,WR,5,14,9,64.3%,60,6.7,0,4.3,1.8,12.0,CoopJo00
268,268,268,DwayneHarris,DAL,26,WR,13,14,9,64.3%,80,8.9,2,5.7,0.7,6.2,HarrDw00
270,270,270,MarioManningham,SFO,27,WR,6,23,9,39.1%,85,9.4,0,3.7,1.5,14.2,MannMa01
272,272,272,MylesWhite,GNB,23,WR,7,12,9,75.0%,66,7.3,0,5.5,1.3,9.4,WhitMy00
276,276,276,RyanBroyles,DET,25,WR,6,14,8,57.1%,85,10.6,0,6.1,1.3,14.2,BroyRy00
277,277,277,StephenBurton,JAX,24,WR,4,13,8,61.5%,76,9.5,0,5.8,2.0,19.0,BurtSt00
281,281,281,AJJenkins,KAN,24,WR,16,17,8,47.1%,130,16.3,0,7.6,0.5,8.1,JenkA.00
287,287,287,GregSalas,NYJ,25,WR,8,13,8,61.5%,143,17.9,0,11.0,1.0,17.9,SalaGr00
299,299,299,DomenikHixon,CAR,29,WR,15,9,7,77.8%,55,7.9,1,6.1,0.5,3.7,HixoDo00
301,301,301,MarlonMoore,2TM,26,WR,14,15,7,46.7%,62,8.9,0,4.1,0.5,4.4,MoorMa02
306,306,306,AustinCollie,NWE,28,WR,7,11,6,54.5%,63,10.5,0,5.7,0.9,9.0,CollAu00
310,310,310,MalcomFloyd,LAC,32,WR,2,11,6,54.5%,149,24.8,0,13.5,3.0,74.5,FloyMa00
316,316,316,LouisMurphy,NYG,26,WR,14,13,6,46.2%,37,6.2,1,2.8,0.4,2.6,MurpLo00
319,319,319,JeremyRoss,2TM,25,WR,13,12,6,50.0%,67,11.2,1,5.6,0.5,5.2,RossJe01
320,320,320,DaneSanzenbacher,CIN,25,WR,10,8,6,75.0%,61,10.2,0,7.6,0.6,6.1,SanzDa00
323,323,323,MarkusWheaton,PIT,22,WR,12,13,6,46.2%,64,10.7,0,4.9,0.5,5.3,WheaMa00
325,325,325,TravisBenjamin,CLE,24,WR,8,13,5,38.5%,105,21.0,0,8.1,0.6,13.1,BenjTr00
328,328,328,PatrickEdwards,DET,25,WR,4,11,5,45.5%,46,9.2,0,4.2,1.3,11.5,EdwaPa00
332,332,332,RicardoLockette,SEA,27,WR,8,7,5,71.4%,82,16.4,0,11.7,0.6,10.3,LockRi00
333,333,333,MichaelPreston,TEN,24,WR,7,7,5,71.4%,37,7.4,2,5.3,0.7,5.3,PresMi00
344,344,344,BrittanGolden,ARI,25,WR,5,10,4,40.0%,136,34.0,0,13.6,0.8,27.2,GoldBr00
346,346,346,LestarJean,HOU,25,WR,13,8,4,50.0%,35,8.8,0,4.4,0.3,2.7,JeanLe01
348,348,348,JeffMaehl,PHI,24,WR,16,9,4,44.4%,67,16.8,1,7.4,0.3,4.2,MaehJe00
349,349,349,EricPage,TAM,22,WR,16,9,4,44.4%,68,17.0,0,7.6,0.3,4.3,PageEr00
350,350,350,NilesPaul,WAS,24,WR,15,8,4,50.0%,51,12.8,0,6.4,0.3,3.4,PaulNi00
356,356,356,NickToon,NOR,25,WR,8,12,4,33.3%,68,17.0,0,5.7,0.5,8.5,ToonNi00
358,358,358,SeyiAjirotutu,LAC,26,WR,14,4,3,75.0%,64,21.3,1,16.0,0.2,4.6,AjirSe00
359,359,359,JonathanBaldwin,SFO,24,WR,7,9,3,33.3%,28,9.3,0,3.1,0.4,4.0,BaldJo00
364,364,364,JuronCriner,LVR,24,WR,1,8,3,37.5%,32,10.7,0,4.0,3.0,32.0,CrinJu00
369,369,369,JeremyEbert,JAX,24,WR,5,8,3,37.5%,18,6.0,0,2.3,0.6,3.6,EberJe00
370,370,370,QuintonPatton,SFO,23,WR,6,5,3,60.0%,34,11.3,0,6.8,0.5,5.7,PattQu00
374,374,374,NickWilliams,WAS,23,WR,5,11,3,27.3%,15,5.0,0,1.4,0.6,3.0,WillNi02
380,380,380,JoshCribbs,NYJ,30,WR,6,2,2,100.0%,6,3.0,0,3.0,0.3,1.0,CribJo01
381,381,381,SkyeDawson,TAM,23,WR,7,7,2,28.6%,12,6.0,0,1.7,0.3,1.7,DawsSk00
383,383,383,MarcusEasley,BUF,26,WR,16,5,2,40.0%,13,6.5,0,2.6,0.1,0.8,EaslMa00
388,388,388,ChadHall,KAN,27,WR,9,7,2,28.6%,20,10.0,0,2.9,0.2,2.2,HallCh00
394,394,394,DamarisJohnson,PHI,24,WR,13,3,2,66.7%,14,7.0,0,4.7,0.2,1.1,JohnDa04
398,398,398,DerekMoye,PIT,25,WR,7,6,2,33.3%,20,10.0,1,3.3,0.3,2.9,MoyeDe00
401,401,401,MichaelRobinson,SEA,30,WR,9,3,2,66.7%,27,13.5,0,9.0,0.2,3.0,RobiMi00
409,409,409,LamaarThomas,JAX,23,WR,2,3,2,66.7%,31,15.5,0,10.3,1.0,15.5,ThomLa02
410,410,410,BrianTyms,CLE,24,WR,7,5,2,40.0%,12,6.0,0,2.4,0.3,1.7,TymsBr00
412,412,412,MarquessWilson,CHI,21,WR,10,3,2,66.7%,13,6.5,0,4.3,0.2,1.3,WilsMa02
420,420,420,KevinCone,ATL,25,WR,16,1,1,100.0%,12,12.0,0,12.0,0.1,0.8,ConeKe00
426,426,426,ToriGurley,CLE,26,WR,3,3,1,33.3%,15,15.0,0,5.0,0.3,5.0,GurlTo00
427,427,427,PercyHarvin,SEA,25,WR,1,1,1,100.0%,17,17.0,0,17.0,1.0,17.0,HarvPe00
437,437,437,BenObomanu,NYJ,30,WR,3,1,1,100.0%,8,8.0,0,8.0,0.3,2.7,ObomBe00
438,438,438,KassimOsgood,SFO,33,WR,14,1,1,100.0%,17,17.0,0,17.0,0.1,1.2,OsgoKa00
441,441,441,DavidReed,IND,26,WR,7,3,1,33.3%,2,2.0,0,0.7,0.1,0.3,ReedDa00
443,443,443,DariusReynaud,2TM,29,WR,9,2,1,50.0%,4,4.0,0,2.0,0.1,0.4,ReynDa00
452,452,452,BrandonTate,CIN,26,WR,16,2,1,50.0%,6,6.0,0,3.0,0.1,0.4,TateBr00
455,455,455,EricWeems,CHI,28,WR,16,2,1,50.0%,8,8.0,0,4.0,0.1,0.5,WeemEr00
460,460,460,JoeAnderson,CHI,25,WR,6,1,0,0.0%,0,,0,0.0,0.0,0.0,AndeJo00
461,461,461,MichaelCampbell,NYJ,24,WR,4,2,0,0.0%,0,,0,0.0,0.0,0.0,CampMi01
466,466,466,GregJenkins,LVR,24,WR,6,1,0,0.0%,0,,0,0.0,0.0,0.0,JenkGr00
470,470,470,MarvinMcNutt,CAR,24,WR,1,1,0,0.0%,0,,0,0.0,0.0,0.0,McNuMa00
473,473,473,DenardRobinson,JAX,23,WR,16,1,0,0.0%,0,,0,0.0,0.0,0.0,RobiDe00
474,474,474,BrianRobiskie,ATL,26,WR,1,1,0,0.0%,0,,0,0.0,0.0,0.0,RobiBr00
477,477,477,RyanSpadola,2TM,22,WR,4,1,0,0.0%,0,,0,0.0,0.0,0.0,SpadRy00
478,478,478,JulianTalley,NYG,24,WR,2,2,0,0.0%,0,,0,0.0,0.0,0.0,TallJu00
483,483,483,StephenWilliams,2TM,27,WR,6,4,0,0.0%,0,,0,0.0,0.0,0.0,WillSt01
